week_id,as_of_date,theme_id,accession,cik,company,symbol,in_universe,asset_id,form,filed_at,matched_terms,source_url
2026-W32,2026-08-08,high-speed-connectivity,0001628280-26-054595,0000850429,TREDEGAR CORP,TG,false,,8-K,2026-08-07,advanced packaging,https://www.sec.gov/cgi-bin/browse-edgar?action=getcompany&CIK=0000850429&type=8-K
2026-W32,2026-08-08,high-speed-connectivity,0001628280-26-054581,0001680062,"ACM Research, Inc.",ACMR,false,,8-K,2026-08-07,advanced packaging,https://www.sec.gov/cgi-bin/browse-edgar?action=getcompany&CIK=0001680062&type=8-K
2026-W32,2026-08-08,age-of-electricity,0000764622-26-000044,0000764622,PINNACLE WEST CAPITAL CORP,PNW,false,,8-K,2026-08-07,load growth,https://www.sec.gov/cgi-bin/browse-edgar?action=getcompany&CIK=0000764622&type=8-K
2026-W32,2026-08-08,critical-minerals-security,0001193125-26-340529,0002102713,Kensington Capital Acquisition Corp. VI,KCA-UN,false,,8-K,2026-08-07,critical minerals,https://www.sec.gov/cgi-bin/browse-edgar?action=getcompany&CIK=0002102713&type=8-K
2026-W32,2026-08-08,vertically-integrated-space,0001753539-26-000118,0001753539,BlackSky Technology Inc.,BKSY,false,,8-K,2026-08-06,satellite constellation,https://www.sec.gov/cgi-bin/browse-edgar?action=getcompany&CIK=0001753539&type=8-K
2026-W32,2026-08-08,vertically-integrated-space,0001366868-26-000037,0001366868,"Globalstar, Inc.",GSAT,false,,8-K,2026-08-06,satellite constellation,https://www.sec.gov/cgi-bin/browse-edgar?action=getcompany&CIK=0001366868&type=8-K
2026-W32,2026-08-08,high-speed-connectivity,0001907982-26-000127,0001907982,D-Wave Quantum Inc.,QBTS,false,,8-K,2026-08-06,advanced packaging,https://www.sec.gov/cgi-bin/browse-edgar?action=getcompany&CIK=0001907982&type=8-K
2026-W32,2026-08-08,high-speed-connectivity,0001193125-26-337990,0000704532,ONTO INNOVATION INC.,ONTO,false,,8-K,2026-08-06,advanced packaging; silicon photonics,https://www.sec.gov/cgi-bin/browse-edgar?action=getcompany&CIK=0000704532&type=8-K
2026-W32,2026-08-08,ai-physical-infrastructure,0001507605-26-000020,0001507605,"MARA Holdings, Inc.",MARA,false,,8-K,2026-08-06,data center capacity,https://www.sec.gov/cgi-bin/browse-edgar?action=getcompany&CIK=0001507605&type=8-K
2026-W32,2026-08-08,age-of-electricity,0001710366-26-000053,0001710366,"Core Natural Resources, Inc.",CNR,false,,8-K,2026-08-06,baseload power,https://www.sec.gov/cgi-bin/browse-edgar?action=getcompany&CIK=0001710366&type=8-K
2026-W32,2026-08-08,age-of-electricity,0001628280-26-053820,0001838406,BKV Corp,BKV,false,,8-K,2026-08-06,power purchase agreement,https://www.sec.gov/cgi-bin/browse-edgar?action=getcompany&CIK=0001838406&type=8-K
2026-W32,2026-08-08,age-of-electricity,0001628280-26-053966,0001838406,BKV Corp,BKV,false,,8-K/A,2026-08-06,power purchase agreement,https://www.sec.gov/cgi-bin/browse-edgar?action=getcompany&CIK=0001838406&type=8-K%2FA
2026-W32,2026-08-08,age-of-electricity,0000884614-26-000048,0000884614,UGI CORP /PA/,UGI,false,,8-K,2026-08-06,load growth,https://www.sec.gov/cgi-bin/browse-edgar?action=getcompany&CIK=0000884614&type=8-K
2026-W32,2026-08-08,age-of-electricity,0001047862-26-000143,0001047862,CONSOLIDATED EDISON INC,ED,false,,8-K,2026-08-06,load growth,https://www.sec.gov/cgi-bin/browse-edgar?action=getcompany&CIK=0001047862&type=8-K
2026-W32,2026-08-08,age-of-electricity,0001929561-26-000033,0001929561,"RXO, Inc.",RXO,false,,8-K,2026-08-06,load growth,https://www.sec.gov/cgi-bin/browse-edgar?action=getcompany&CIK=0001929561&type=8-K
2026-W32,2026-08-08,advanced-nuclear-enablers,0001918080-26-000014,0001918080,"Deep Isolation Nuclear, Inc.",DBHL,false,,8-K,2026-08-06,nuclear fuel cycle,https://www.sec.gov/cgi-bin/browse-edgar?action=getcompany&CIK=0001918080&type=8-K
2026-W32,2026-08-08,advanced-nuclear-enablers,0001628280-26-053897,0001065059,CENTRUS ENERGY CORP,LEU,true,leu,8-K,2026-08-06,small modular reactor; advanced reactor; uranium enrichment; HALEU,https://www.sec.gov/cgi-bin/browse-edgar?action=getcompany&CIK=0001065059&type=8-K
2026-W32,2026-08-08,critical-minerals-security,0001140361-26-031551,0001530804,Tronox Holdings plc,TROX,false,,8-K,2026-08-06,critical minerals,https://www.sec.gov/cgi-bin/browse-edgar?action=getcompany&CIK=0001530804&type=8-K
2026-W32,2026-08-08,critical-minerals-security,0001710366-26-000053,0001710366,"Core Natural Resources, Inc.",CNR,false,,8-K,2026-08-06,critical minerals,https://www.sec.gov/cgi-bin/browse-edgar?action=getcompany&CIK=0001710366&type=8-K
2026-W32,2026-08-08,critical-minerals-security,0001104659-26-092049,0000101538,UNITED STATES ANTIMONY CORP,UAMY,false,,8-K,2026-08-06,critical minerals,https://www.sec.gov/cgi-bin/browse-edgar?action=getcompany&CIK=0000101538&type=8-K
2026-W32,2026-08-08,critical-minerals-security,0001801368-26-000047,0001801368,MP Materials Corp. / DE,MP,true,mp,8-K,2026-08-06,neodymium; rare earth separation; magnet production,https://www.sec.gov/cgi-bin/browse-edgar?action=getcompany&CIK=0001801368&type=8-K
2026-W32,2026-08-08,high-speed-connectivity,0001193125-26-335102,0001789029,"Aeva Technologies, Inc.",AEVA,false,,8-K,2026-08-05,silicon photonics,https://www.sec.gov/cgi-bin/browse-edgar?action=getcompany&CIK=0001789029&type=8-K
2026-W32,2026-08-08,high-speed-connectivity,0001493152-26-036127,0001938569,Palomino Laboratories Inc.,PALX,false,,8-K,2026-08-05,silicon photonics,https://www.sec.gov/cgi-bin/browse-edgar?action=getcompany&CIK=0001938569&type=8-K
2026-W32,2026-08-08,high-speed-connectivity,0001193125-26-335274,0001049502,MKS INC,MKSI,false,,8-K,2026-08-05,advanced packaging,https://www.sec.gov/cgi-bin/browse-edgar?action=getcompany&CIK=0001049502&type=8-K
2026-W32,2026-08-08,high-speed-connectivity,0001193125-26-335408,0000029002,DIODES INC /DEL/,DIOD,false,,8-K,2026-08-05,advanced packaging,https://www.sec.gov/cgi-bin/browse-edgar?action=getcompany&CIK=0000029002&type=8-K
2026-W32,2026-08-08,high-speed-connectivity,0001104659-26-091118,0000103145,VEECO INSTRUMENTS INC,VECO,false,,8-K,2026-08-05,advanced packaging; silicon photonics,https://www.sec.gov/cgi-bin/browse-edgar?action=getcompany&CIK=0000103145&type=8-K
2026-W32,2026-08-08,high-speed-connectivity,0000720500-26-000009,0000720500,AMTECH SYSTEMS INC,ASYS,false,,8-K,2026-08-05,advanced packaging,https://www.sec.gov/cgi-bin/browse-edgar?action=getcompany&CIK=0000720500&type=8-K
2026-W32,2026-08-08,ai-physical-infrastructure,0001437749-26-025961,0001296445,"ORMAT TECHNOLOGIES, INC.",ORA,false,,8-K,2026-08-05,grid-scale power,https://www.sec.gov/cgi-bin/browse-edgar?action=getcompany&CIK=0001296445&type=8-K
2026-W32,2026-08-08,ai-physical-infrastructure,0001193125-26-335293,0001826600,"Montauk Renewables, Inc.",MNTK,false,,8-K,2026-08-05,switchgear,https://www.sec.gov/cgi-bin/browse-edgar?action=getcompany&CIK=0001826600&type=8-K
2026-W32,2026-08-08,ai-physical-infrastructure,0000918541-26-000065,0000918541,NN INC,NNBR,false,,8-K,2026-08-05,liquid cooling,https://www.sec.gov/cgi-bin/browse-edgar?action=getcompany&CIK=0000918541&type=8-K
2026-W32,2026-08-08,ai-physical-infrastructure,0001020569-26-000068,0001020569,IRON MOUNTAIN INC,IRM,false,,8-K,2026-08-05,data center capacity,https://www.sec.gov/cgi-bin/browse-edgar?action=getcompany&CIK=0001020569&type=8-K
2026-W32,2026-08-08,ai-physical-infrastructure,0001859392-26-000084,0001859392,Galaxy Digital Inc.,GLXY,false,,8-K,2026-08-05,data center capacity; liquid cooling,https://www.sec.gov/cgi-bin/browse-edgar?action=getcompany&CIK=0001859392&type=8-K
2026-W32,2026-08-08,age-of-electricity,0001493152-26-036097,0001846416,Hennessy Capital Investment Corp. VII,HVII,false,,8-K,2026-08-05,baseload power,https://www.sec.gov/cgi-bin/browse-edgar?action=getcompany&CIK=0001846416&type=8-K
2026-W32,2026-08-08,age-of-electricity,0001822966-26-000086,0001822966,NUSCALE POWER Corp,SMR,true,smr,8-K,2026-08-05,power purchase agreement,https://www.sec.gov/cgi-bin/browse-edgar?action=getcompany&CIK=0001822966&type=8-K
2026-W32,2026-08-08,age-of-electricity,0001083301-26-000162,0001083301,TERAWULF INC.,WULF,false,,8-K,2026-08-05,transmission capacity,https://www.sec.gov/cgi-bin/browse-edgar?action=getcompany&CIK=0001083301&type=8-K
2026-W32,2026-08-08,advanced-nuclear-enablers,0001477932-26-004726,0001084554,LIGHTBRIDGE Corp,LTBR,false,,8-K,2026-08-05,HALEU,https://www.sec.gov/cgi-bin/browse-edgar?action=getcompany&CIK=0001084554&type=8-K
2026-W32,2026-08-08,advanced-nuclear-enablers,0001628280-26-053433,0001065059,CENTRUS ENERGY CORP,LEU,true,leu,8-K,2026-08-05,uranium enrichment; HALEU,https://www.sec.gov/cgi-bin/browse-edgar?action=getcompany&CIK=0001065059&type=8-K
2026-W32,2026-08-08,advanced-nuclear-enablers,0001822966-26-000086,0001822966,NUSCALE POWER Corp,SMR,true,smr,8-K,2026-08-05,small modular reactor,https://www.sec.gov/cgi-bin/browse-edgar?action=getcompany&CIK=0001822966&type=8-K
2026-W32,2026-08-08,advanced-nuclear-enablers,0001104659-26-091278,0002089283,Eagle Nuclear Energy Corp.,NUCL,false,,8-K,2026-08-05,small modular reactor; advanced reactor,https://www.sec.gov/cgi-bin/browse-edgar?action=getcompany&CIK=0002089283&type=8-K
2026-W32,2026-08-08,advanced-nuclear-enablers,0001628280-26-053383,0001697500,"Solaris Energy Infrastructure, Inc.",SEI,false,,8-K,2026-08-05,small modular reactor,https://www.sec.gov/cgi-bin/browse-edgar?action=getcompany&CIK=0001697500&type=8-K
2026-W32,2026-08-08,critical-minerals-security,0000215466-26-000038,0000215466,"Coeur Mining, Inc.",CDE,false,,8-K,2026-08-05,critical minerals,https://www.sec.gov/cgi-bin/browse-edgar?action=getcompany&CIK=0000215466&type=8-K
2026-W32,2026-08-08,critical-minerals-security,0001493152-26-036123,0001263364,Idaho Copper Corp,COPR,false,,8-K,2026-08-05,critical minerals,https://www.sec.gov/cgi-bin/browse-edgar?action=getcompany&CIK=0001263364&type=8-K
2026-W32,2026-08-08,ai-physical-infrastructure,0001627223-26-000021,0001627223,Chemours Co,CC,false,,8-K,2026-08-04,liquid cooling,https://www.sec.gov/cgi-bin/browse-edgar?action=getcompany&CIK=0001627223&type=8-K
2026-W32,2026-08-08,ai-physical-infrastructure,0001140361-26-031053,0001878848,IREN Ltd,IREN,false,,8-K,2026-08-04,liquid cooling,https://www.sec.gov/cgi-bin/browse-edgar?action=getcompany&CIK=0001878848&type=8-K
2026-W32,2026-08-08,ai-physical-infrastructure,0001628280-26-052135,0001582961,"DigitalOcean Holdings, Inc.",DOCN,false,,8-K,2026-08-04,data center capacity,https://www.sec.gov/cgi-bin/browse-edgar?action=getcompany&CIK=0001582961&type=8-K
2026-W32,2026-08-08,ai-physical-infrastructure,0001185185-26-003263,0001759186,Z Squared Inc.,ZSQR,false,,8-K,2026-08-04,data center capacity,https://www.sec.gov/cgi-bin/browse-edgar?action=getcompany&CIK=0001759186&type=8-K
2026-W32,2026-08-08,ai-physical-infrastructure,0001213900-26-084921,0001854368,Digi Power X Inc.,DGXX,false,,8-K,2026-08-04,data center capacity,https://www.sec.gov/cgi-bin/browse-edgar?action=getcompany&CIK=0001854368&type=8-K
2026-W32,2026-08-08,ai-physical-infrastructure,0001104659-26-090041,0001964789,Hut 8 Corp.,HUT,false,,8-K,2026-08-04,data center capacity,https://www.sec.gov/cgi-bin/browse-edgar?action=getcompany&CIK=0001964789&type=8-K
2026-W32,2026-08-08,ai-physical-infrastructure,0001819989-26-000038,0001819989,Cipher Digital Inc.,CIFR,false,,8-K,2026-08-04,data center capacity,https://www.sec.gov/cgi-bin/browse-edgar?action=getcompany&CIK=0001819989&type=8-K
2026-W32,2026-08-08,age-of-electricity,0001193125-26-331596,0001921865,ASP Isotopes Inc.,ASPI,false,,8-K,2026-08-04,baseload power,https://www.sec.gov/cgi-bin/browse-edgar?action=getcompany&CIK=0001921865&type=8-K
2026-W32,2026-08-08,age-of-electricity,0001819989-26-000038,0001819989,Cipher Digital Inc.,CIFR,false,,8-K,2026-08-04,power purchase agreement,https://www.sec.gov/cgi-bin/browse-edgar?action=getcompany&CIK=0001819989&type=8-K
2026-W32,2026-08-08,age-of-electricity,0001326160-26-000037,0001326160,Duke Energy CORP,DUK,true,duk,8-K,2026-08-04,load growth,https://www.sec.gov/cgi-bin/browse-edgar?action=getcompany&CIK=0001326160&type=8-K
2026-W32,2026-08-08,age-of-electricity,0001193125-26-331660,0000788784,PUBLIC SERVICE ENTERPRISE GROUP INC,PEG,false,,8-K,2026-08-04,load growth; power purchase agreement,https://www.sec.gov/cgi-bin/browse-edgar?action=getcompany&CIK=0000788784&type=8-K
2026-W32,2026-08-08,age-of-electricity,0001013871-26-000018,0001013871,"NRG ENERGY, INC.",NRG,false,,8-K,2026-08-04,load growth,https://www.sec.gov/cgi-bin/browse-edgar?action=getcompany&CIK=0001013871&type=8-K
2026-W32,2026-08-08,age-of-electricity,0000764622-26-000040,0000764622,PINNACLE WEST CAPITAL CORP,PNW,false,,8-K,2026-08-04,load growth,https://www.sec.gov/cgi-bin/browse-edgar?action=getcompany&CIK=0000764622&type=8-K
2026-W32,2026-08-08,advanced-nuclear-enablers,0001193125-26-331596,0001921865,ASP Isotopes Inc.,ASPI,false,,8-K,2026-08-04,advanced reactor; uranium enrichment; nuclear fuel cycle; HALEU,https://www.sec.gov/cgi-bin/browse-edgar?action=getcompany&CIK=0001921865&type=8-K
2026-W32,2026-08-08,critical-minerals-security,0001213900-26-084882,0002105139,ADI GLOBAL DISTRIBUTION INC.,ADIG,false,,8-K,2026-08-04,critical minerals,https://www.sec.gov/cgi-bin/browse-edgar?action=getcompany&CIK=0002105139&type=8-K
2026-W32,2026-08-08,critical-minerals-security,0001193125-26-333077,0000719413,HECLA MINING CO/DE/,HL,false,,8-K,2026-08-04,critical minerals,https://www.sec.gov/cgi-bin/browse-edgar?action=getcompany&CIK=0000719413&type=8-K
2026-W32,2026-08-08,critical-minerals-security,0000844965-26-000056,0000844965,TETRA TECHNOLOGIES INC,TTI,false,,8-K,2026-08-04,critical minerals,https://www.sec.gov/cgi-bin/browse-edgar?action=getcompany&CIK=0000844965&type=8-K
2026-W32,2026-08-08,critical-minerals-security,0001104659-26-090417,0001687187,"Ramaco Resources, Inc.",METC,false,,8-K,2026-08-04,critical minerals,https://www.sec.gov/cgi-bin/browse-edgar?action=getcompany&CIK=0001687187&type=8-K
2026-W32,2026-08-08,vertically-integrated-space,0001193125-26-330778,0001844452,"Intuitive Machines, Inc.",LUNR,true,lunr,8-K,2026-08-03,lunar lander,https://www.sec.gov/cgi-bin/browse-edgar?action=getcompany&CIK=0001844452&type=8-K
2026-W32,2026-08-08,ai-physical-infrastructure,0001493152-26-035824,0001861622,Jet.AI Inc.,JTAI,false,,8-K,2026-08-03,data center capacity,https://www.sec.gov/cgi-bin/browse-edgar?action=getcompany&CIK=0001861622&type=8-K
2026-W32,2026-08-08,age-of-electricity,0000783325-26-000084,0000783325,"WEC ENERGY GROUP, INC.",WEC,false,,8-K,2026-08-03,load growth,https://www.sec.gov/cgi-bin/browse-edgar?action=getcompany&CIK=0000783325&type=8-K
2026-W32,2026-08-08,age-of-electricity,0001193125-26-329086,0000104918,AVISTA CORP,AVA,false,,8-K,2026-08-03,transmission capacity,https://www.sec.gov/cgi-bin/browse-edgar?action=getcompany&CIK=0000104918&type=8-K
2026-W32,2026-08-08,critical-minerals-security,0001213900-26-084273,0002129659,Freedom Metals Acquisition Corp.,FDMM,false,,8-K,2026-08-03,critical minerals,https://www.sec.gov/cgi-bin/browse-edgar?action=getcompany&CIK=0002129659&type=8-K
2026-W32,2026-08-08,critical-minerals-security,0001104659-26-089441,0001817760,"SmartKem, Inc.",SMTK,false,,8-K,2026-08-03,critical minerals,https://www.sec.gov/cgi-bin/browse-edgar?action=getcompany&CIK=0001817760&type=8-K
2026-W32,2026-08-08,high-speed-connectivity,0001628280-26-051179,0000850429,TREDEGAR CORP,TG,false,,8-K,2026-07-31,advanced packaging,https://www.sec.gov/cgi-bin/browse-edgar?action=getcompany&CIK=0000850429&type=8-K
2026-W32,2026-08-08,high-speed-connectivity,0001193125-26-327127,0001824920,"IonQ, Inc.",IONQ,false,,8-K,2026-07-31,advanced packaging,https://www.sec.gov/cgi-bin/browse-edgar?action=getcompany&CIK=0001824920&type=8-K
2026-W32,2026-08-08,ai-physical-infrastructure,0001628280-26-051203,0001720635,nVent Electric plc,NVT,true,nvt,8-K,2026-07-31,liquid cooling,https://www.sec.gov/cgi-bin/browse-edgar?action=getcompany&CIK=0001720635&type=8-K
2026-W32,2026-08-08,age-of-electricity,0000093410-26-000162,0000093410,CHEVRON CORP,CVX,false,,8-K,2026-07-31,power purchase agreement,https://www.sec.gov/cgi-bin/browse-edgar?action=getcompany&CIK=0000093410&type=8-K
2026-W32,2026-08-08,age-of-electricity,0000354707-26-000044,0000354707,HAWAIIAN ELECTRIC INDUSTRIES INC,HE,false,,8-K,2026-07-31,power purchase agreement,https://www.sec.gov/cgi-bin/browse-edgar?action=getcompany&CIK=0000354707&type=8-K
2026-W32,2026-08-08,age-of-electricity,0001108426-26-000046,0001108426,TXNM ENERGY INC,TXNM,false,,8-K,2026-07-31,load growth,https://www.sec.gov/cgi-bin/browse-edgar?action=getcompany&CIK=0001108426&type=8-K
2026-W32,2026-08-08,age-of-electricity,0001193125-26-327135,0000784977,PORTLAND GENERAL ELECTRIC CO /OR/,POR,false,,8-K,2026-07-31,load growth,https://www.sec.gov/cgi-bin/browse-edgar?action=getcompany&CIK=0000784977&type=8-K
2026-W32,2026-08-08,age-of-electricity,0000827052-26-000061,0000827052,EDISON INTERNATIONAL,EIX,false,,8-K,2026-07-31,load growth,https://www.sec.gov/cgi-bin/browse-edgar?action=getcompany&CIK=0000827052&type=8-K
2026-W32,2026-08-08,age-of-electricity,0000352541-26-000042,0000352541,ALLIANT ENERGY CORP,LNT,false,,8-K,2026-07-31,transmission capacity; load growth,https://www.sec.gov/cgi-bin/browse-edgar?action=getcompany&CIK=0000352541&type=8-K
2026-W32,2026-08-08,vertically-integrated-space,0001280784-26-000043,0001280784,"Hercules Capital, Inc.",HCXY,false,,8-K,2026-07-30,satellite constellation,https://www.sec.gov/cgi-bin/browse-edgar?action=getcompany&CIK=0001280784&type=8-K
2026-W32,2026-08-08,high-speed-connectivity,0001437749-26-025061,0001051627,AXT INC,AXTI,false,,8-K,2026-07-30,silicon photonics,https://www.sec.gov/cgi-bin/browse-edgar?action=getcompany&CIK=0001051627&type=8-K
2026-W32,2026-08-08,ai-physical-infrastructure,0001193125-26-324855,0001050915,"QUANTA SERVICES, INC.",PWR,true,pwr,8-K,2026-07-30,switchgear,https://www.sec.gov/cgi-bin/browse-edgar?action=getcompany&CIK=0001050915&type=8-K
2026-W32,2026-08-08,ai-physical-infrastructure,0001628280-26-050771,0002098430,Madison Air Solutions Corp,MAIR,false,,8-K,2026-07-30,liquid cooling,https://www.sec.gov/cgi-bin/browse-edgar?action=getcompany&CIK=0002098430&type=8-K
2026-W32,2026-08-08,age-of-electricity,0000072903-26-000149,0000072903,XCEL ENERGY INC,XEL,false,,8-K,2026-07-30,load growth,https://www.sec.gov/cgi-bin/browse-edgar?action=getcompany&CIK=0000072903&type=8-K
2026-W32,2026-08-08,age-of-electricity,0001104659-26-088698,0000072741,EVERSOURCE ENERGY,ES,false,,8-K,2026-07-30,load growth,https://www.sec.gov/cgi-bin/browse-edgar?action=getcompany&CIK=0000072741&type=8-K
2026-W32,2026-08-08,age-of-electricity,0001109357-26-000077,0001109357,EXELON CORP,EXC,true,exc,8-K,2026-07-30,load growth,https://www.sec.gov/cgi-bin/browse-edgar?action=getcompany&CIK=0001109357&type=8-K
2026-W32,2026-08-08,age-of-electricity,0000004904-26-000055,0000004904,AMERICAN ELECTRIC POWER CO INC,AEP,true,aep,8-K,2026-07-30,load growth,https://www.sec.gov/cgi-bin/browse-edgar?action=getcompany&CIK=0000004904&type=8-K
2026-W32,2026-08-08,age-of-electricity,0000827052-26-000058,0000827052,EDISON INTERNATIONAL,EIX,false,,8-K,2026-07-30,load growth,https://www.sec.gov/cgi-bin/browse-edgar?action=getcompany&CIK=0000827052&type=8-K
2026-W32,2026-08-08,age-of-electricity,0001002910-26-000020,0001002910,AMEREN CORP,AEE,false,,8-K,2026-07-30,transmission capacity,https://www.sec.gov/cgi-bin/browse-edgar?action=getcompany&CIK=0001002910&type=8-K
2026-W32,2026-08-08,age-of-electricity,0001057877-26-000130,0001057877,IDACORP INC,IDA,false,,8-K,2026-07-30,transmission capacity; load growth,https://www.sec.gov/cgi-bin/browse-edgar?action=getcompany&CIK=0001057877&type=8-K
2026-W32,2026-08-08,age-of-electricity,0000071829-26-000044,0000071829,NPK International Inc.,NPKI,false,,8-K,2026-07-30,transmission capacity,https://www.sec.gov/cgi-bin/browse-edgar?action=getcompany&CIK=0000071829&type=8-K
2026-W32,2026-08-08,advanced-nuclear-enablers,0001493152-26-035323,0001938046,"MANGOCEUTICALS, INC.",MGRX,false,,8-K,2026-07-30,advanced reactor,https://www.sec.gov/cgi-bin/browse-edgar?action=getcompany&CIK=0001938046&type=8-K
2026-W32,2026-08-08,critical-minerals-security,0001193125-26-325064,0000060714,"LSB INDUSTRIES, INC.",LXU,false,,8-K,2026-07-30,critical minerals,https://www.sec.gov/cgi-bin/browse-edgar?action=getcompany&CIK=0000060714&type=8-K
2026-W32,2026-08-08,critical-minerals-security,0001437749-26-025088,0001621832,"Aqua Metals, Inc.",AQMS,false,,8-K,2026-07-30,critical minerals,https://www.sec.gov/cgi-bin/browse-edgar?action=getcompany&CIK=0001621832&type=8-K
2026-W32,2026-08-08,high-speed-connectivity,0000804328-26-000085,0000804328,QUALCOMM INC/DE,QCOM,false,,8-K,2026-07-29,advanced packaging,https://www.sec.gov/cgi-bin/browse-edgar?action=getcompany&CIK=0000804328&type=8-K
2026-W32,2026-08-08,high-speed-connectivity,0001039399-26-000030,0001039399,FORMFACTOR INC,FORM,false,,8-K,2026-07-29,advanced packaging; co-packaged optics,https://www.sec.gov/cgi-bin/browse-edgar?action=getcompany&CIK=0001039399&type=8-K
2026-W32,2026-08-08,age-of-electricity,0000071829-26-000039,0000071829,NPK International Inc.,NPKI,false,,8-K,2026-07-29,load growth,https://www.sec.gov/cgi-bin/browse-edgar?action=getcompany&CIK=0000071829&type=8-K
2026-W32,2026-08-08,age-of-electricity,0000065984-26-000279,0000065984,ENTERGY CORP /DE/,ETR,false,,8-K,2026-07-29,load growth; power purchase agreement,https://www.sec.gov/cgi-bin/browse-edgar?action=getcompany&CIK=0000065984&type=8-K
2026-W32,2026-08-08,age-of-electricity,0001021635-26-000026,0001021635,OGE ENERGY CORP.,OGE,false,,8-K,2026-07-29,load growth,https://www.sec.gov/cgi-bin/browse-edgar?action=getcompany&CIK=0001021635&type=8-K
2026-W32,2026-08-08,critical-minerals-security,0001064728-26-000038,0001064728,PEABODY ENERGY CORP,BTU,false,,8-K,2026-07-29,critical minerals,https://www.sec.gov/cgi-bin/browse-edgar?action=getcompany&CIK=0001064728&type=8-K
2026-W32,2026-08-08,critical-minerals-security,0001539497-26-002027,0002067674,SILVER BOW MINING CORP.,SBMT,false,,8-K,2026-07-29,critical minerals,https://www.sec.gov/cgi-bin/browse-edgar?action=getcompany&CIK=0002067674&type=8-K
2026-W32,2026-08-08,critical-minerals-security,0001213900-26-082907,0001687187,"Ramaco Resources, Inc.",METC,false,,8-K,2026-07-29,critical minerals; rare earth separation,https://www.sec.gov/cgi-bin/browse-edgar?action=getcompany&CIK=0001687187&type=8-K
2026-W32,2026-08-08,high-speed-connectivity,0000319201-26-000024,0000319201,KLA CORP,KLAC,false,,8-K,2026-07-28,advanced packaging,https://www.sec.gov/cgi-bin/browse-edgar?action=getcompany&CIK=0000319201&type=8-K
2026-W32,2026-08-08,high-speed-connectivity,0001193125-26-321272,0001819974,"SkyWater Technology, Inc",SKYT,false,,8-K,2026-07-28,advanced packaging,https://www.sec.gov/cgi-bin/browse-edgar?action=getcompany&CIK=0001819974&type=8-K
2026-W32,2026-08-08,high-speed-connectivity,0001193125-26-321221,0001824920,"IonQ, Inc.",IONQ,false,,8-K,2026-07-28,advanced packaging,https://www.sec.gov/cgi-bin/browse-edgar?action=getcompany&CIK=0001824920&type=8-K
2026-W32,2026-08-08,ai-physical-infrastructure,0001628280-26-049933,0000031462,ECOLAB INC.,ECL,false,,8-K,2026-07-28,liquid cooling,https://www.sec.gov/cgi-bin/browse-edgar?action=getcompany&CIK=0000031462&type=8-K
2026-W32,2026-08-08,ai-physical-infrastructure,0001839341-26-000013,0001839341,"Core Scientific, Inc./tx",CORZ,false,,8-K,2026-07-28,liquid cooling; switchgear,https://www.sec.gov/cgi-bin/browse-edgar?action=getcompany&CIK=0001839341&type=8-K
2026-W32,2026-08-08,ai-physical-infrastructure,0001628280-26-049946,0001425287,Workhorse Group Inc.,WKHS,false,,8-K,2026-07-28,liquid cooling,https://www.sec.gov/cgi-bin/browse-edgar?action=getcompany&CIK=0001425287&type=8-K
2026-W32,2026-08-08,ai-physical-infrastructure,0001859392-26-000079,0001859392,Galaxy Digital Inc.,GLXY,false,,8-K,2026-07-28,data center capacity,https://www.sec.gov/cgi-bin/browse-edgar?action=getcompany&CIK=0001859392&type=8-K
2026-W32,2026-08-08,ai-physical-infrastructure,0001839341-26-000012,0001839341,"Core Scientific, Inc./tx",CORZ,false,,8-K,2026-07-28,data center capacity; liquid cooling; switchgear,https://www.sec.gov/cgi-bin/browse-edgar?action=getcompany&CIK=0001839341&type=8-K
2026-W32,2026-08-08,age-of-electricity,0001031296-26-000122,0001031296,FIRSTENERGY CORP,FE,false,,8-K,2026-07-28,load growth,https://www.sec.gov/cgi-bin/browse-edgar?action=getcompany&CIK=0001031296&type=8-K
2026-W32,2026-08-08,age-of-electricity,0001628280-26-049934,0000048898,HUBBELL INC,HUBB,true,hubb,8-K,2026-07-28,load growth,https://www.sec.gov/cgi-bin/browse-edgar?action=getcompany&CIK=0000048898&type=8-K
2026-W32,2026-08-08,age-of-electricity,0000936340-26-000144,0000936340,DTE ENERGY CO,DTB,false,,8-K,2026-07-28,load growth,https://www.sec.gov/cgi-bin/browse-edgar?action=getcompany&CIK=0000936340&type=8-K
2026-W32,2026-08-08,age-of-electricity,0001104659-26-087279,0001130310,CENTERPOINT ENERGY INC,CNP,false,,8-K,2026-07-28,load growth,https://www.sec.gov/cgi-bin/browse-edgar?action=getcompany&CIK=0001130310&type=8-K
2026-W32,2026-08-08,advanced-nuclear-enablers,0002019804-26-000018,0002019804,Terrestrial Energy Inc. /DE/,IMSR,false,,8-K,2026-07-28,advanced reactor,https://www.sec.gov/cgi-bin/browse-edgar?action=getcompany&CIK=0002019804&type=8-K
2026-W32,2026-08-08,advanced-nuclear-enablers,0001628280-26-050171,0001809987,"Mirion Technologies, Inc.",MIR,false,,8-K,2026-07-28,small modular reactor,https://www.sec.gov/cgi-bin/browse-edgar?action=getcompany&CIK=0001809987&type=8-K
2026-W32,2026-08-08,critical-minerals-security,0001062993-26-003884,0001385849,ENERGY FUELS INC,UUUU,true,uuuu,8-K,2026-07-28,permanent magnet; neodymium; samarium cobalt; critical minerals; magnet production,https://www.sec.gov/cgi-bin/browse-edgar?action=getcompany&CIK=0001385849&type=8-K
2026-W32,2026-08-08,high-speed-connectivity,0000813672-26-000089,0000813672,CADENCE DESIGN SYSTEMS INC,CDNS,false,,8-K,2026-07-27,advanced packaging,https://www.sec.gov/cgi-bin/browse-edgar?action=getcompany&CIK=0000813672&type=8-K
2026-W32,2026-08-08,high-speed-connectivity,0001047127-26-000043,0001047127,"AMKOR TECHNOLOGY, INC.",AMKR,false,,8-K,2026-07-27,advanced packaging,https://www.sec.gov/cgi-bin/browse-edgar?action=getcompany&CIK=0001047127&type=8-K
2026-W32,2026-08-08,ai-physical-infrastructure,0001144879-26-000044,0001144879,Applied Digital Corp.,APLD,false,,8-K,2026-07-27,data center capacity,https://www.sec.gov/cgi-bin/browse-edgar?action=getcompany&CIK=0001144879&type=8-K
2026-W32,2026-08-08,critical-minerals-security,0001104659-26-087099,0001712189,Target Hospitality Corp.,TH,false,,8-K,2026-07-27,critical minerals,https://www.sec.gov/cgi-bin/browse-edgar?action=getcompany&CIK=0001712189&type=8-K
2026-W32,2026-08-08,critical-minerals-security,0001104659-26-087085,0001817760,"SmartKem, Inc.",SMTK,false,,8-K,2026-07-27,critical minerals,https://www.sec.gov/cgi-bin/browse-edgar?action=getcompany&CIK=0001817760&type=8-K
2026-W32,2026-08-08,ai-physical-infrastructure,0001193125-26-315068,0000087347,SLB LIMITED/NV,SLB,false,,8-K,2026-07-24,data center capacity,https://www.sec.gov/cgi-bin/browse-edgar?action=getcompany&CIK=0000087347&type=8-K
2026-W32,2026-08-08,critical-minerals-security,0001104659-26-086469,0001520006,Matador Resources Co,MTDR,false,,8-K,2026-07-24,critical minerals,https://www.sec.gov/cgi-bin/browse-edgar?action=getcompany&CIK=0001520006&type=8-K
2026-W32,2026-08-08,critical-minerals-security,0001437749-26-024415,0001120970,Comstock Inc.,LODE,false,,8-K,2026-07-24,critical minerals,https://www.sec.gov/cgi-bin/browse-edgar?action=getcompany&CIK=0001120970&type=8-K
2026-W32,2026-08-08,critical-minerals-security,0001654954-26-006850,0001590715,American Resources Corp,AREC,false,,8-K,2026-07-24,critical minerals,https://www.sec.gov/cgi-bin/browse-edgar?action=getcompany&CIK=0001590715&type=8-K
2026-W32,2026-08-08,critical-minerals-security,0001213900-26-081413,0001687187,"Ramaco Resources, Inc.",METC,false,,8-K/A,2026-07-24,critical minerals,https://www.sec.gov/cgi-bin/browse-edgar?action=getcompany&CIK=0001687187&type=8-K%2FA
2026-W32,2026-08-08,critical-minerals-security,0001493152-26-034464,0001852551,Nova Minerals Corp,NVA,false,,8-K,2026-07-24,critical minerals,https://www.sec.gov/cgi-bin/browse-edgar?action=getcompany&CIK=0001852551&type=8-K
2026-W32,2026-08-08,high-speed-connectivity,0000050863-26-000155,0000050863,INTEL CORP,INTC,false,,8-K,2026-07-23,advanced packaging,https://www.sec.gov/cgi-bin/browse-edgar?action=getcompany&CIK=0000050863&type=8-K
2026-W32,2026-08-08,ai-physical-infrastructure,0001213900-26-080917,0002071778,Fermi Inc.,FRMI,false,,8-K,2026-07-23,data center capacity,https://www.sec.gov/cgi-bin/browse-edgar?action=getcompany&CIK=0002071778&type=8-K
2026-W32,2026-08-08,ai-physical-infrastructure,0001104659-26-086270,0001297996,"DIGITAL REALTY TRUST, INC.",DLR,false,,8-K,2026-07-23,data center capacity,https://www.sec.gov/cgi-bin/browse-edgar?action=getcompany&CIK=0001297996&type=8-K
2026-W32,2026-08-08,ai-physical-infrastructure,0001683168-26-005723,0001829794,Empery Digital Inc.,EMPD,false,,8-K,2026-07-23,data center capacity,https://www.sec.gov/cgi-bin/browse-edgar?action=getcompany&CIK=0001829794&type=8-K
2026-W32,2026-08-08,age-of-electricity,0001004980-26-000047,0001004980,PG&E Corp,PCG,false,,8-K,2026-07-23,load growth,https://www.sec.gov/cgi-bin/browse-edgar?action=getcompany&CIK=0001004980&type=8-K
2026-W32,2026-08-08,critical-minerals-security,0001628280-26-049289,0002091017,Sunshine Silver Mining & Refining Co,SSMR,false,,8-K,2026-07-23,critical minerals,https://www.sec.gov/cgi-bin/browse-edgar?action=getcompany&CIK=0002091017&type=8-K
2026-W32,2026-08-08,critical-minerals-security,0001213900-26-080649,0001907223,Greenland Mines Ltd,GRML,false,,8-K,2026-07-23,neodymium,https://www.sec.gov/cgi-bin/browse-edgar?action=getcompany&CIK=0001907223&type=8-K
2026-W32,2026-08-08,critical-minerals-security,0001213900-26-080645,0001970622,"USA Rare Earth, Inc.",USAR,true,usar,8-K,2026-07-23,permanent magnet; neodymium; rare earth separation,https://www.sec.gov/cgi-bin/browse-edgar?action=getcompany&CIK=0001970622&type=8-K
2026-W32,2026-08-08,vertically-integrated-space,0001418819-26-000046,0001418819,Iridium Communications Inc.,IRDM,false,,8-K,2026-07-22,satellite constellation,https://www.sec.gov/cgi-bin/browse-edgar?action=getcompany&CIK=0001418819&type=8-K
2026-W32,2026-08-08,high-speed-connectivity,0001213900-26-080443,0001758009,Quantum Computing Inc.,QUBT,false,,8-K,2026-07-22,advanced packaging,https://www.sec.gov/cgi-bin/browse-edgar?action=getcompany&CIK=0001758009&type=8-K
2026-W32,2026-08-08,ai-physical-infrastructure,0001996810-26-000147,0001996810,GE Vernova Inc.,GEV,true,gev,8-K,2026-07-22,switchgear,https://www.sec.gov/cgi-bin/browse-edgar?action=getcompany&CIK=0001996810&type=8-K
2026-W32,2026-08-08,ai-physical-infrastructure,0001213900-26-080199,0002079253,Apex Treasury Corp,APXT,false,,8-K,2026-07-22,data center capacity; liquid cooling,https://www.sec.gov/cgi-bin/browse-edgar?action=getcompany&CIK=0002079253&type=8-K
2026-W32,2026-08-08,age-of-electricity,0001753926-26-001215,0001563922,Greenbacker Renewable Energy Co LLC,,false,,8-K,2026-07-22,load growth; power purchase agreement,https://www.sec.gov/cgi-bin/browse-edgar?action=getcompany&CIK=0001563922&type=8-K
2026-W32,2026-08-08,age-of-electricity,0001213900-26-080199,0002079253,Apex Treasury Corp,APXT,false,,8-K,2026-07-22,grid interconnection,https://www.sec.gov/cgi-bin/browse-edgar?action=getcompany&CIK=0002079253&type=8-K
2026-W32,2026-08-08,advanced-nuclear-enablers,0001628280-26-049125,0002086716,"Standard Nuclear, Inc.",STDN,false,,8-K,2026-07-22,advanced reactor; HALEU,https://www.sec.gov/cgi-bin/browse-edgar?action=getcompany&CIK=0002086716&type=8-K
2026-W32,2026-08-08,critical-minerals-security,0001213900-26-080460,0000773717,"American Clean Resources Group, Inc.",ACRG,false,,8-K,2026-07-22,critical minerals,https://www.sec.gov/cgi-bin/browse-edgar?action=getcompany&CIK=0000773717&type=8-K
2026-W32,2026-08-08,critical-minerals-security,0001193125-26-311388,0002102713,Kensington Capital Acquisition Corp. VI,KCA-UN,false,,8-K,2026-07-22,critical minerals,https://www.sec.gov/cgi-bin/browse-edgar?action=getcompany&CIK=0002102713&type=8-K
2026-W32,2026-08-08,critical-minerals-security,0001213900-26-080223,0001866226,Evolution Metals & Technologies Corp.,EMAT,false,,8-K,2026-07-22,neodymium; critical minerals; magnet production,https://www.sec.gov/cgi-bin/browse-edgar?action=getcompany&CIK=0001866226&type=8-K
2026-W32,2026-08-08,vertically-integrated-space,0001493152-26-034080,0001879726,Sidus Space Inc.,SIDU,false,,8-K,2026-07-21,satellite constellation,https://www.sec.gov/cgi-bin/browse-edgar?action=getcompany&CIK=0001879726&type=8-K
2026-W32,2026-08-08,ai-physical-infrastructure,0001375365-26-000019,0001375365,"Super Micro Computer, Inc.",SMCI,true,smci,8-K,2026-07-21,liquid cooling,https://www.sec.gov/cgi-bin/browse-edgar?action=getcompany&CIK=0001375365&type=8-K
2026-W32,2026-08-08,advanced-nuclear-enablers,0001193125-26-309573,0001921865,ASP Isotopes Inc.,ASPI,false,,8-K,2026-07-21,uranium enrichment; nuclear fuel cycle; HALEU,https://www.sec.gov/cgi-bin/browse-edgar?action=getcompany&CIK=0001921865&type=8-K
2026-W32,2026-08-08,advanced-nuclear-enablers,0002019804-26-000013,0002019804,Terrestrial Energy Inc. /DE/,IMSR,false,,8-K,2026-07-21,advanced reactor; nuclear fuel cycle; HALEU,https://www.sec.gov/cgi-bin/browse-edgar?action=getcompany&CIK=0002019804&type=8-K
2026-W32,2026-08-08,critical-minerals-security,0001133421-26-000033,0001133421,NORTHROP GRUMMAN CORP /DE/,NOC,false,,8-K,2026-07-21,critical minerals,https://www.sec.gov/cgi-bin/browse-edgar?action=getcompany&CIK=0001133421&type=8-K
2026-W32,2026-08-08,critical-minerals-security,0001213900-26-079977,0001956648,CO2 Energy Transition Corp.,NOEM,false,,8-K,2026-07-21,critical minerals,https://www.sec.gov/cgi-bin/browse-edgar?action=getcompany&CIK=0001956648&type=8-K
2026-W32,2026-08-08,high-speed-connectivity,0001079973-26-000955,0001325964,"Lightwave Logic, Inc.",LWLG,false,,8-K,2026-07-20,silicon photonics,https://www.sec.gov/cgi-bin/browse-edgar?action=getcompany&CIK=0001325964&type=8-K
2026-W32,2026-08-08,high-speed-connectivity,0001213900-26-079407,0002064953,Solstice Advanced Materials Inc.,SOLS,false,,8-K,2026-07-20,advanced packaging,https://www.sec.gov/cgi-bin/browse-edgar?action=getcompany&CIK=0002064953&type=8-K
2026-W32,2026-08-08,high-speed-connectivity,0001104659-26-084905,0001590714,Element Solutions Inc,ESI,false,,8-K,2026-07-20,advanced packaging,https://www.sec.gov/cgi-bin/browse-edgar?action=getcompany&CIK=0001590714&type=8-K
2026-W32,2026-08-08,ai-physical-infrastructure,0001140361-26-028871,0001878848,IREN Ltd,IREN,false,,8-K,2026-07-20,liquid cooling,https://www.sec.gov/cgi-bin/browse-edgar?action=getcompany&CIK=0001878848&type=8-K
2026-W32,2026-08-08,ai-physical-infrastructure,0001104659-26-084862,0001964789,Hut 8 Corp.,HUT,false,,8-K,2026-07-20,data center capacity,https://www.sec.gov/cgi-bin/browse-edgar?action=getcompany&CIK=0001964789&type=8-K
2026-W32,2026-08-08,age-of-electricity,0001213900-26-079426,0001218683,"Big Digital Energy, Inc.",BGDE,false,,8-K,2026-07-20,grid interconnection,https://www.sec.gov/cgi-bin/browse-edgar?action=getcompany&CIK=0001218683&type=8-K
2026-W32,2026-08-08,advanced-nuclear-enablers,0001104659-26-085070,0002089283,Eagle Nuclear Energy Corp.,NUCL,false,,8-K,2026-07-20,small modular reactor,https://www.sec.gov/cgi-bin/browse-edgar?action=getcompany&CIK=0002089283&type=8-K
2026-W32,2026-08-08,critical-minerals-security,0001104659-26-085070,0002089283,Eagle Nuclear Energy Corp.,NUCL,false,,8-K,2026-07-20,critical minerals,https://www.sec.gov/cgi-bin/browse-edgar?action=getcompany&CIK=0002089283&type=8-K
2026-W32,2026-08-08,critical-minerals-security,0001213900-26-079638,0001907223,Greenland Mines Ltd,GRML,false,,8-K,2026-07-20,neodymium,https://www.sec.gov/cgi-bin/browse-edgar?action=getcompany&CIK=0001907223&type=8-K
2026-W32,2026-08-08,critical-minerals-security,0001213900-26-079438,0001970622,"USA Rare Earth, Inc.",USAR,true,usar,8-K,2026-07-20,permanent magnet; neodymium; critical minerals,https://www.sec.gov/cgi-bin/browse-edgar?action=getcompany&CIK=0001970622&type=8-K
2026-W32,2026-08-08,vertically-integrated-space,0001193125-26-307824,0001816017,"Spire Global, Inc.",SPIR,false,,8-K,2026-07-17,satellite constellation,https://www.sec.gov/cgi-bin/browse-edgar?action=getcompany&CIK=0001816017&type=8-K
2026-W32,2026-08-08,ai-physical-infrastructure,0001493152-26-033738,0002026767,Calisa Acquisition Corp,ALIS,false,,8-K,2026-07-17,liquid cooling,https://www.sec.gov/cgi-bin/browse-edgar?action=getcompany&CIK=0002026767&type=8-K
2026-W32,2026-08-08,critical-minerals-security,0001213900-26-078884,0002129659,Freedom Metals Acquisition Corp.,FDMM,false,,8-K,2026-07-17,critical minerals,https://www.sec.gov/cgi-bin/browse-edgar?action=getcompany&CIK=0002129659&type=8-K
2026-W32,2026-08-08,critical-minerals-security,0001213900-26-079125,0001956648,CO2 Energy Transition Corp.,NOEM,false,,8-K,2026-07-17,critical minerals,https://www.sec.gov/cgi-bin/browse-edgar?action=getcompany&CIK=0001956648&type=8-K
2026-W32,2026-08-08,high-speed-connectivity,0001493152-26-033505,0001938569,Palomino Laboratories Inc.,PALX,false,,8-K,2026-07-16,co-packaged optics; high-speed interconnect,https://www.sec.gov/cgi-bin/browse-edgar?action=getcompany&CIK=0001938569&type=8-K
2026-W32,2026-08-08,age-of-electricity,0001193125-26-306194,0001820721,"Array Technologies, Inc.",ARRY,false,,8-K,2026-07-16,load growth,https://www.sec.gov/cgi-bin/browse-edgar?action=getcompany&CIK=0001820721&type=8-K
2026-W32,2026-08-08,advanced-nuclear-enablers,0001477932-26-004337,0001921865,ASP Isotopes Inc.,ASPI,false,,8-K,2026-07-16,nuclear fuel cycle; HALEU,https://www.sec.gov/cgi-bin/browse-edgar?action=getcompany&CIK=0001921865&type=8-K
2026-W32,2026-08-08,advanced-nuclear-enablers,0001193125-26-306136,0001921865,ASP Isotopes Inc.,ASPI,false,,8-K,2026-07-16,uranium enrichment; nuclear fuel cycle; HALEU,https://www.sec.gov/cgi-bin/browse-edgar?action=getcompany&CIK=0001921865&type=8-K
2026-W32,2026-08-08,vertically-integrated-space,0001493152-26-033365,0001780312,"AST SpaceMobile, Inc.",ASTS,true,asts,8-K,2026-07-15,launch vehicle,https://www.sec.gov/cgi-bin/browse-edgar?action=getcompany&CIK=0001780312&type=8-K
2026-W32,2026-08-08,critical-minerals-security,0001213900-26-078341,0001834032,Constellation Acquisition Corp I,CSTAF,false,,8-K,2026-07-15,critical minerals,https://www.sec.gov/cgi-bin/browse-edgar?action=getcompany&CIK=0001834032&type=8-K
2026-W32,2026-08-08,high-speed-connectivity,0001654954-26-006655,0001040470,AEHR TEST SYSTEMS,AEHR,false,,8-K,2026-07-14,silicon photonics,https://www.sec.gov/cgi-bin/browse-edgar?action=getcompany&CIK=0001040470&type=8-K
2026-W32,2026-08-08,ai-physical-infrastructure,0001437749-26-023568,0002084026,"QumulusAI, Inc.",QMLS,false,,8-K,2026-07-14,data center capacity,https://www.sec.gov/cgi-bin/browse-edgar?action=getcompany&CIK=0002084026&type=8-K
2026-W32,2026-08-08,advanced-nuclear-enablers,0001062993-26-003630,0001385849,ENERGY FUELS INC,UUUU,true,uuuu,8-K,2026-07-14,small modular reactor,https://www.sec.gov/cgi-bin/browse-edgar?action=getcompany&CIK=0001385849&type=8-K
2026-W32,2026-08-08,critical-minerals-security,0001062993-26-003630,0001385849,ENERGY FUELS INC,UUUU,true,uuuu,8-K,2026-07-14,permanent magnet; neodymium; critical minerals; magnet production,https://www.sec.gov/cgi-bin/browse-edgar?action=getcompany&CIK=0001385849&type=8-K
2026-W32,2026-08-08,age-of-electricity,0001104659-26-082854,0001093691,PLUG POWER INC,PLUG,false,,8-K,2026-07-13,grid interconnection,https://www.sec.gov/cgi-bin/browse-edgar?action=getcompany&CIK=0001093691&type=8-K
2026-W32,2026-08-08,critical-minerals-security,0001493152-26-032920,0001852551,Nova Minerals Corp,NVA,false,,8-K,2026-07-13,critical minerals,https://www.sec.gov/cgi-bin/browse-edgar?action=getcompany&CIK=0001852551&type=8-K
2026-W32,2026-08-08,critical-minerals-security,0001493152-26-032938,0001582554,"Matinas BioPharma Holdings, Inc.",MTNB,false,,8-K,2026-07-13,critical minerals,https://www.sec.gov/cgi-bin/browse-edgar?action=getcompany&CIK=0001582554&type=8-K
2026-W32,2026-08-08,high-speed-connectivity,0001628280-26-047884,0001387467,ALPHA & OMEGA SEMICONDUCTOR Ltd,AOSL,false,,8-K,2026-07-10,advanced packaging,https://www.sec.gov/cgi-bin/browse-edgar?action=getcompany&CIK=0001387467&type=8-K
2026-W32,2026-08-08,ai-physical-infrastructure,0001493152-26-032802,0001335105,"NOMAD POWER SOLUTIONS, INC.",LIXT,false,,8-K,2026-07-10,liquid cooling,https://www.sec.gov/cgi-bin/browse-edgar?action=getcompany&CIK=0001335105&type=8-K
2026-W32,2026-08-08,age-of-electricity,0001654954-26-006603,0000827099,Ocean Thermal Energy Corp,CPWR,false,,8-K,2026-07-10,power purchase agreement,https://www.sec.gov/cgi-bin/browse-edgar?action=getcompany&CIK=0000827099&type=8-K
2026-W32,2026-08-08,critical-minerals-security,0001213900-26-077224,0002030482,"Plum Acquisition Corp, IV",PLMK,false,,8-K,2026-07-10,critical minerals,https://www.sec.gov/cgi-bin/browse-edgar?action=getcompany&CIK=0002030482&type=8-K
2026-W32,2026-08-08,critical-minerals-security,0001213900-26-076810,0001834032,Constellation Acquisition Corp I,CSTAF,false,,8-K,2026-07-10,critical minerals,https://www.sec.gov/cgi-bin/browse-edgar?action=getcompany&CIK=0001834032&type=8-K
2026-W32,2026-08-08,ai-physical-infrastructure,0001810019-26-000078,0001810019,"Rackspace Technology, Inc.",RXT,false,,8-K,2026-07-09,data center capacity,https://www.sec.gov/cgi-bin/browse-edgar?action=getcompany&CIK=0001810019&type=8-K
2026-W32,2026-08-08,ai-physical-infrastructure,0001213900-26-076740,0001956741,"CleanCore Solutions, Inc.",ZONE,false,,8-K,2026-07-09,data center capacity; switchgear,https://www.sec.gov/cgi-bin/browse-edgar?action=getcompany&CIK=0001956741&type=8-K
2026-W32,2026-08-08,age-of-electricity,0001104659-26-082100,0000886128,FUELCELL ENERGY INC,FCEL,false,,8-K,2026-07-09,baseload power,https://www.sec.gov/cgi-bin/browse-edgar?action=getcompany&CIK=0000886128&type=8-K
2026-W32,2026-08-08,age-of-electricity,0001213900-26-076740,0001956741,"CleanCore Solutions, Inc.",ZONE,false,,8-K,2026-07-09,power purchase agreement,https://www.sec.gov/cgi-bin/browse-edgar?action=getcompany&CIK=0001956741&type=8-K
2026-W32,2026-08-08,critical-minerals-security,0001213900-26-076724,0002129659,Freedom Metals Acquisition Corp.,FDMM,false,,8-K,2026-07-09,critical minerals,https://www.sec.gov/cgi-bin/browse-edgar?action=getcompany&CIK=0002129659&type=8-K
2026-W32,2026-08-08,ai-physical-infrastructure,0001213900-26-076376,0002070542,AIB Data Centers Inc.,AIB,false,,8-K,2026-07-08,data center capacity; liquid cooling,https://www.sec.gov/cgi-bin/browse-edgar?action=getcompany&CIK=0002070542&type=8-K
2026-W32,2026-08-08,age-of-electricity,0001213900-26-076376,0002070542,AIB Data Centers Inc.,AIB,false,,8-K,2026-07-08,transmission capacity,https://www.sec.gov/cgi-bin/browse-edgar?action=getcompany&CIK=0002070542&type=8-K
2026-W32,2026-08-08,critical-minerals-security,0001062993-26-003555,0001893899,Alaska Silver Corp.,WAMFF,false,,8-K,2026-07-08,critical minerals,https://www.sec.gov/cgi-bin/browse-edgar?action=getcompany&CIK=0001893899&type=8-K
2026-W32,2026-08-08,critical-minerals-security,0001654954-26-006537,0001825452,"Onfolio Holdings, Inc",ONFO,false,,8-K,2026-07-08,critical minerals,https://www.sec.gov/cgi-bin/browse-edgar?action=getcompany&CIK=0001825452&type=8-K
2026-W32,2026-08-08,critical-minerals-security,0001279569-26-000637,0001543418,Trilogy Metals Inc.,TMQ,false,,8-K,2026-07-08,critical minerals,https://www.sec.gov/cgi-bin/browse-edgar?action=getcompany&CIK=0001543418&type=8-K
2026-W32,2026-08-08,critical-minerals-security,0001213900-26-076104,0000773717,"American Clean Resources Group, Inc.",ACRG,false,,8-K,2026-07-08,critical minerals,https://www.sec.gov/cgi-bin/browse-edgar?action=getcompany&CIK=0000773717&type=8-K
2026-W32,2026-08-08,vertically-integrated-space,0001104659-26-081335,0001418819,Iridium Communications Inc.,IRDM,false,,8-K,2026-07-07,satellite constellation,https://www.sec.gov/cgi-bin/browse-edgar?action=getcompany&CIK=0001418819&type=8-K
2026-W32,2026-08-08,ai-physical-infrastructure,0001213900-26-075755,0001854368,Digi Power X Inc.,DGXX,false,,8-K,2026-07-07,data center capacity; switchgear,https://www.sec.gov/cgi-bin/browse-edgar?action=getcompany&CIK=0001854368&type=8-K
2026-W32,2026-08-08,ai-physical-infrastructure,0001582961-26-000055,0001582961,"DigitalOcean Holdings, Inc.",DOCN,false,,8-K,2026-07-07,data center capacity,https://www.sec.gov/cgi-bin/browse-edgar?action=getcompany&CIK=0001582961&type=8-K
2026-W32,2026-08-08,age-of-electricity,0001104659-26-081321,0000884614,UGI CORP /PA/,UGI,false,,8-K,2026-07-07,power purchase agreement,https://www.sec.gov/cgi-bin/browse-edgar?action=getcompany&CIK=0000884614&type=8-K
2026-W32,2026-08-08,critical-minerals-security,0001493152-26-032365,0000764630,"AETERNUM HEALTH, INC.",AETN,false,,8-K,2026-07-07,critical minerals,https://www.sec.gov/cgi-bin/browse-edgar?action=getcompany&CIK=0000764630&type=8-K
2026-W32,2026-08-08,critical-minerals-security,0001213900-26-076002,0001866226,Evolution Metals & Technologies Corp.,EMAT,false,,8-K,2026-07-07,permanent magnet; neodymium; critical minerals; magnet production,https://www.sec.gov/cgi-bin/browse-edgar?action=getcompany&CIK=0001866226&type=8-K
2026-W32,2026-08-08,high-speed-connectivity,0001213900-26-075267,0002064953,Solstice Advanced Materials Inc.,SOLS,false,,8-K,2026-07-06,advanced packaging; co-packaged optics,https://www.sec.gov/cgi-bin/browse-edgar?action=getcompany&CIK=0002064953&type=8-K
2026-W32,2026-08-08,high-speed-connectivity,0001104659-26-080612,0001590714,Element Solutions Inc,ESI,false,,8-K,2026-07-06,advanced packaging; co-packaged optics,https://www.sec.gov/cgi-bin/browse-edgar?action=getcompany&CIK=0001590714&type=8-K
2026-W32,2026-08-08,ai-physical-infrastructure,0001104659-26-080612,0001590714,Element Solutions Inc,ESI,false,,8-K,2026-07-06,liquid cooling,https://www.sec.gov/cgi-bin/browse-edgar?action=getcompany&CIK=0001590714&type=8-K
2026-W32,2026-08-08,ai-physical-infrastructure,0001213900-26-075267,0002064953,Solstice Advanced Materials Inc.,SOLS,false,,8-K,2026-07-06,liquid cooling,https://www.sec.gov/cgi-bin/browse-edgar?action=getcompany&CIK=0002064953&type=8-K
2026-W32,2026-08-08,age-of-electricity,0001628280-26-047296,0001697500,"Solaris Energy Infrastructure, Inc.",SEI,false,,8-K,2026-07-06,baseload power,https://www.sec.gov/cgi-bin/browse-edgar?action=getcompany&CIK=0001697500&type=8-K
2026-W32,2026-08-08,age-of-electricity,0001213900-26-075248,0001218683,"Big Digital Energy, Inc.",BGDE,false,,8-K,2026-07-06,grid interconnection,https://www.sec.gov/cgi-bin/browse-edgar?action=getcompany&CIK=0001218683&type=8-K
2026-W32,2026-08-08,advanced-nuclear-enablers,0001104659-26-080612,0001590714,Element Solutions Inc,ESI,false,,8-K,2026-07-06,nuclear fuel cycle,https://www.sec.gov/cgi-bin/browse-edgar?action=getcompany&CIK=0001590714&type=8-K
2026-W32,2026-08-08,advanced-nuclear-enablers,0001213900-26-075267,0002064953,Solstice Advanced Materials Inc.,SOLS,false,,8-K,2026-07-06,nuclear fuel cycle,https://www.sec.gov/cgi-bin/browse-edgar?action=getcompany&CIK=0002064953&type=8-K
2026-W32,2026-08-08,critical-minerals-security,0001493152-26-032195,0001263364,Idaho Copper Corp,COPR,false,,8-K,2026-07-06,critical minerals,https://www.sec.gov/cgi-bin/browse-edgar?action=getcompany&CIK=0001263364&type=8-K
2026-W32,2026-08-08,advanced-nuclear-enablers,0001628280-26-046801,0001065059,CENTRUS ENERGY CORP,LEU,true,leu,8-K,2026-07-02,uranium enrichment; HALEU,https://www.sec.gov/cgi-bin/browse-edgar?action=getcompany&CIK=0001065059&type=8-K
2026-W32,2026-08-08,critical-minerals-security,0001493152-26-031609,0001263364,Idaho Copper Corp,COPR,false,,8-K,2026-07-02,critical minerals,https://www.sec.gov/cgi-bin/browse-edgar?action=getcompany&CIK=0001263364&type=8-K
2026-W32,2026-08-08,ai-physical-infrastructure,0001683168-26-005221,0001158114,"APPLIED OPTOELECTRONICS, INC.",AAOI,false,,8-K,2026-07-01,switchgear,https://www.sec.gov/cgi-bin/browse-edgar?action=getcompany&CIK=0001158114&type=8-K
2026-W32,2026-08-08,ai-physical-infrastructure,0001683168-26-005201,0001829794,Empery Digital Inc.,EMPD,false,,8-K,2026-07-01,data center capacity,https://www.sec.gov/cgi-bin/browse-edgar?action=getcompany&CIK=0001829794&type=8-K
2026-W32,2026-08-08,critical-minerals-security,0000950103-26-009899,0001675149,Alcoa Corp,AA,false,,8-K,2026-07-01,critical minerals,https://www.sec.gov/cgi-bin/browse-edgar?action=getcompany&CIK=0001675149&type=8-K
2026-W32,2026-08-08,critical-minerals-security,0001493152-26-031426,0001852551,Nova Minerals Corp,NVA,false,,8-K,2026-07-01,critical minerals,https://www.sec.gov/cgi-bin/browse-edgar?action=getcompany&CIK=0001852551&type=8-K
2026-W33,2026-08-15,vertically-integrated-space,0001628280-26-057100,0001788060,"Voyager Technologies, Inc./TX",VOYG,false,,8-K,2026-08-14,launch vehicle; satellite constellation,https://www.sec.gov/cgi-bin/browse-edgar?action=getcompany&CIK=0001788060&type=8-K
2026-W33,2026-08-15,ai-physical-infrastructure,0001628280-26-057153,0001844971,Vulcan Infrastructure & Power Inc.,VIP,false,,8-K,2026-08-14,switchgear,https://www.sec.gov/cgi-bin/browse-edgar?action=getcompany&CIK=0001844971&type=8-K
2026-W33,2026-08-15,ai-physical-infrastructure,0001193125-26-350842,0000108516,"WORTHINGTON ENTERPRISES, INC.",WOR,false,,8-K,2026-08-14,liquid cooling,https://www.sec.gov/cgi-bin/browse-edgar?action=getcompany&CIK=0000108516&type=8-K
2026-W33,2026-08-15,ai-physical-infrastructure,0001213900-26-089450,0001854368,Digi Power X Inc.,DGXX,false,,8-K,2026-08-14,data center capacity,https://www.sec.gov/cgi-bin/browse-edgar?action=getcompany&CIK=0001854368&type=8-K
2026-W33,2026-08-15,age-of-electricity,0001104659-26-097263,0000788965,HALLADOR ENERGY CO,HNRG,false,,8-K,2026-08-14,power purchase agreement,https://www.sec.gov/cgi-bin/browse-edgar?action=getcompany&CIK=0000788965&type=8-K
2026-W33,2026-08-15,advanced-nuclear-enablers,0001654954-26-007621,0000314227,"TOMI Environmental Solutions, Inc.",TOMZ,false,,8-K,2026-08-14,advanced reactor,https://www.sec.gov/cgi-bin/browse-edgar?action=getcompany&CIK=0000314227&type=8-K
2026-W33,2026-08-15,critical-minerals-security,0001437749-26-027995,0001354866,Byrna Technologies Inc.,BYRN,false,,8-K,2026-08-14,critical minerals,https://www.sec.gov/cgi-bin/browse-edgar?action=getcompany&CIK=0001354866&type=8-K
2026-W33,2026-08-15,vertically-integrated-space,0001628280-26-056476,0001844452,"Intuitive Machines, Inc.",LUNR,true,lunr,8-K,2026-08-13,lunar lander,https://www.sec.gov/cgi-bin/browse-edgar?action=getcompany&CIK=0001844452&type=8-K
2026-W33,2026-08-15,vertically-integrated-space,0001753926-26-001454,0001819994,Rocket Lab Corp,RKLB,true,rklb,8-K,2026-08-13,satellite constellation,https://www.sec.gov/cgi-bin/browse-edgar?action=getcompany&CIK=0001819994&type=8-K
2026-W33,2026-08-15,high-speed-connectivity,0001628280-26-056699,0000006951,APPLIED MATERIALS INC /DE,AMAT,false,,8-K,2026-08-13,advanced packaging,https://www.sec.gov/cgi-bin/browse-edgar?action=getcompany&CIK=0000006951&type=8-K
2026-W33,2026-08-15,ai-physical-infrastructure,0002001557-26-000152,0002001557,"Innventure, Inc.",INV,false,,8-K,2026-08-13,liquid cooling,https://www.sec.gov/cgi-bin/browse-edgar?action=getcompany&CIK=0002001557&type=8-K
2026-W33,2026-08-15,ai-physical-infrastructure,0001628280-26-056508,0001299969,"Comstock Holding Companies, Inc.",CHCI,false,,8-K,2026-08-13,data center capacity,https://www.sec.gov/cgi-bin/browse-edgar?action=getcompany&CIK=0001299969&type=8-K
2026-W33,2026-08-15,ai-physical-infrastructure,0001140361-26-032638,0001878848,IREN Ltd,IREN,false,,8-K,2026-08-13,data center capacity; liquid cooling,https://www.sec.gov/cgi-bin/browse-edgar?action=getcompany&CIK=0001878848&type=8-K
2026-W33,2026-08-15,age-of-electricity,0002071778-26-000046,0002071778,Fermi Inc.,FRMI,false,,8-K,2026-08-13,power purchase agreement,https://www.sec.gov/cgi-bin/browse-edgar?action=getcompany&CIK=0002071778&type=8-K
2026-W33,2026-08-15,age-of-electricity,0001819493-26-000055,0001819493,"Xos, Inc.",XOS,false,,8-K,2026-08-13,grid interconnection,https://www.sec.gov/cgi-bin/browse-edgar?action=getcompany&CIK=0001819493&type=8-K
2026-W33,2026-08-15,age-of-electricity,0001845437-26-000031,0001845437,Net Power Inc.,NPWR,false,,8-K,2026-08-13,grid interconnection; load growth,https://www.sec.gov/cgi-bin/browse-edgar?action=getcompany&CIK=0001845437&type=8-K
2026-W33,2026-08-15,advanced-nuclear-enablers,0001193125-26-347878,0001500881,enCore Energy Corp.,EU,false,,8-K,2026-08-13,nuclear fuel cycle,https://www.sec.gov/cgi-bin/browse-edgar?action=getcompany&CIK=0001500881&type=8-K
2026-W33,2026-08-15,advanced-nuclear-enablers,0001493152-26-037746,0001923891,Nano Nuclear Energy Inc.,NNE,false,,8-K,2026-08-13,nuclear fuel cycle; HALEU,https://www.sec.gov/cgi-bin/browse-edgar?action=getcompany&CIK=0001923891&type=8-K
2026-W33,2026-08-15,advanced-nuclear-enablers,0001193125-26-347740,0002088896,"X-Energy, Inc.",XE,false,,8-K,2026-08-13,advanced reactor; HALEU,https://www.sec.gov/cgi-bin/browse-edgar?action=getcompany&CIK=0002088896&type=8-K
2026-W33,2026-08-15,advanced-nuclear-enablers,0002071778-26-000046,0002071778,Fermi Inc.,FRMI,false,,8-K,2026-08-13,advanced reactor,https://www.sec.gov/cgi-bin/browse-edgar?action=getcompany&CIK=0002071778&type=8-K
2026-W33,2026-08-15,critical-minerals-security,0001104659-26-095883,0001798562,TMC the metals Co Inc.,TMC,true,tmc,8-K,2026-08-13,critical minerals,https://www.sec.gov/cgi-bin/browse-edgar?action=getcompany&CIK=0001798562&type=8-K
2026-W33,2026-08-15,critical-minerals-security,0001493152-26-037609,0000764630,"AETERNUM HEALTH, INC.",AETN,false,,8-K,2026-08-13,critical minerals,https://www.sec.gov/cgi-bin/browse-edgar?action=getcompany&CIK=0000764630&type=8-K
2026-W33,2026-08-15,critical-minerals-security,0001493152-26-037774,0001855467,"MOBIX LABS, INC",MOBX,false,,8-K,2026-08-13,critical minerals,https://www.sec.gov/cgi-bin/browse-edgar?action=getcompany&CIK=0001855467&type=8-K
2026-W33,2026-08-15,critical-minerals-security,0001829126-26-008777,0001450704,"Vivakor, Inc.",VIVK,false,,8-K,2026-08-13,critical minerals,https://www.sec.gov/cgi-bin/browse-edgar?action=getcompany&CIK=0001450704&type=8-K
2026-W33,2026-08-15,critical-minerals-security,0001185185-26-003512,0001567900,REALLOYS INC.,ALOY,false,,8-K,2026-08-13,rare earth magnets; neodymium; critical minerals,https://www.sec.gov/cgi-bin/browse-edgar?action=getcompany&CIK=0001567900&type=8-K
2026-W33,2026-08-15,critical-minerals-security,0001213900-26-089079,0001866226,Evolution Metals & Technologies Corp.,EMAT,false,,8-K,2026-08-13,rare earth magnets; critical minerals,https://www.sec.gov/cgi-bin/browse-edgar?action=getcompany&CIK=0001866226&type=8-K
2026-W33,2026-08-15,vertically-integrated-space,0001193125-26-346835,0001816017,"Spire Global, Inc.",SPIR,false,,8-K,2026-08-12,satellite constellation,https://www.sec.gov/cgi-bin/browse-edgar?action=getcompany&CIK=0001816017&type=8-K
2026-W33,2026-08-15,vertically-integrated-space,0001628280-26-055948,0002118195,"Applied Aerospace & Defense, Inc.",AADX,false,,8-K,2026-08-12,launch vehicle,https://www.sec.gov/cgi-bin/browse-edgar?action=getcompany&CIK=0002118195&type=8-K
2026-W33,2026-08-15,high-speed-connectivity,0001193125-26-346860,0000820318,COHERENT CORP.,COHR,true,cohr,8-K,2026-08-12,silicon photonics,https://www.sec.gov/cgi-bin/browse-edgar?action=getcompany&CIK=0000820318&type=8-K
2026-W33,2026-08-15,high-speed-connectivity,0001628280-26-056197,0001387467,ALPHA & OMEGA SEMICONDUCTOR Ltd,AOSL,false,,8-K,2026-08-12,advanced packaging,https://www.sec.gov/cgi-bin/browse-edgar?action=getcompany&CIK=0001387467&type=8-K
2026-W33,2026-08-15,high-speed-connectivity,0001193125-26-346806,0000050863,INTEL CORP,INTC,false,,8-K,2026-08-12,advanced packaging,https://www.sec.gov/cgi-bin/browse-edgar?action=getcompany&CIK=0000050863&type=8-K
2026-W33,2026-08-15,ai-physical-infrastructure,0001537435-26-000063,0001537435,TECOGEN INC.,TGEN,false,,8-K,2026-08-12,data center capacity,https://www.sec.gov/cgi-bin/browse-edgar?action=getcompany&CIK=0001537435&type=8-K
2026-W33,2026-08-15,ai-physical-infrastructure,0001628280-26-056188,0002110117,"ITG, Inc./DE/",ITG,false,,8-K,2026-08-12,data center capacity,https://www.sec.gov/cgi-bin/browse-edgar?action=getcompany&CIK=0002110117&type=8-K
2026-W33,2026-08-15,ai-physical-infrastructure,0001628280-26-056186,0002021728,Cerebras Systems Inc.,CBRS,false,,8-K,2026-08-12,data center capacity,https://www.sec.gov/cgi-bin/browse-edgar?action=getcompany&CIK=0002021728&type=8-K
2026-W33,2026-08-15,age-of-electricity,0001084991-26-000086,0001084991,NATURAL GAS SERVICES GROUP INC,NGS,false,,8-K,2026-08-12,load growth,https://www.sec.gov/cgi-bin/browse-edgar?action=getcompany&CIK=0001084991&type=8-K
2026-W33,2026-08-15,age-of-electricity,0001758766-26-000078,0001758766,"STEM, INC.",STEM,false,,8-K,2026-08-12,grid interconnection,https://www.sec.gov/cgi-bin/browse-edgar?action=getcompany&CIK=0001758766&type=8-K
2026-W33,2026-08-15,age-of-electricity,0001628280-26-055942,0001853868,Fervo Energy Co,FRVO,false,,8-K,2026-08-12,grid interconnection; baseload power,https://www.sec.gov/cgi-bin/browse-edgar?action=getcompany&CIK=0001853868&type=8-K
2026-W33,2026-08-15,advanced-nuclear-enablers,0001193125-26-346872,0002023730,"Hadron Energy, Inc.",HDRN,false,,8-K,2026-08-12,HALEU,https://www.sec.gov/cgi-bin/browse-edgar?action=getcompany&CIK=0002023730&type=8-K
2026-W33,2026-08-15,critical-minerals-security,0001628280-26-056253,0002091017,Sunshine Silver Mining & Refining Co,SSMR,false,,8-K,2026-08-12,critical minerals,https://www.sec.gov/cgi-bin/browse-edgar?action=getcompany&CIK=0002091017&type=8-K
2026-W33,2026-08-15,critical-minerals-security,0001493152-26-037239,0001852551,Nova Minerals Corp,NVA,false,,8-K,2026-08-12,critical minerals,https://www.sec.gov/cgi-bin/browse-edgar?action=getcompany&CIK=0001852551&type=8-K
2026-W33,2026-08-15,vertically-integrated-space,0001860160-26-000022,0001860160,Firefly Aerospace Inc.,FLY,false,,8-K,2026-08-11,launch vehicle,https://www.sec.gov/cgi-bin/browse-edgar?action=getcompany&CIK=0001860160&type=8-K
2026-W33,2026-08-15,ai-physical-infrastructure,0001375365-26-000021,0001375365,"Super Micro Computer, Inc.",SMCI,true,smci,8-K,2026-08-11,liquid cooling,https://www.sec.gov/cgi-bin/browse-edgar?action=getcompany&CIK=0001375365&type=8-K
2026-W33,2026-08-15,advanced-nuclear-enablers,0001104659-26-093776,0002019804,Terrestrial Energy Inc. /DE/,IMSR,false,,8-K,2026-08-11,advanced reactor,https://www.sec.gov/cgi-bin/browse-edgar?action=getcompany&CIK=0002019804&type=8-K
2026-W33,2026-08-15,critical-minerals-security,0001062993-26-004188,0001893899,Alaska Silver Corp.,WAMFF,false,,8-K,2026-08-11,critical minerals,https://www.sec.gov/cgi-bin/browse-edgar?action=getcompany&CIK=0001893899&type=8-K
2026-W33,2026-08-15,critical-minerals-security,0001493152-26-036992,0001263364,Idaho Copper Corp,COPR,false,,8-K,2026-08-11,critical minerals,https://www.sec.gov/cgi-bin/browse-edgar?action=getcompany&CIK=0001263364&type=8-K
2026-W33,2026-08-15,critical-minerals-security,0001104659-26-094130,0000101538,UNITED STATES ANTIMONY CORP,UAMY,false,,8-K,2026-08-11,critical minerals,https://www.sec.gov/cgi-bin/browse-edgar?action=getcompany&CIK=0000101538&type=8-K
2026-W33,2026-08-15,high-speed-connectivity,0001213900-26-087267,0001758009,Quantum Computing Inc.,QUBT,false,,8-K,2026-08-10,advanced packaging,https://www.sec.gov/cgi-bin/browse-edgar?action=getcompany&CIK=0001758009&type=8-K
2026-W33,2026-08-15,ai-physical-infrastructure,0001104659-26-093406,0001167419,"Riot Platforms, Inc.",RIOT,false,,8-K,2026-08-10,switchgear,https://www.sec.gov/cgi-bin/browse-edgar?action=getcompany&CIK=0001167419&type=8-K
2026-W33,2026-08-15,ai-physical-infrastructure,0000824142-26-000052,0000824142,"AAON, INC.",AAON,false,,8-K,2026-08-10,liquid cooling,https://www.sec.gov/cgi-bin/browse-edgar?action=getcompany&CIK=0000824142&type=8-K
2026-W33,2026-08-15,ai-physical-infrastructure,0001062993-26-004117,0001591956,Sphere 3D Corp.,ANY,false,,8-K,2026-08-10,data center capacity,https://www.sec.gov/cgi-bin/browse-edgar?action=getcompany&CIK=0001591956&type=8-K
2026-W33,2026-08-15,advanced-nuclear-enablers,0001193125-26-342682,0002023730,"Hadron Energy, Inc.",HDRN,false,,8-K,2026-08-10,advanced reactor,https://www.sec.gov/cgi-bin/browse-edgar?action=getcompany&CIK=0002023730&type=8-K
2026-W33,2026-08-15,critical-minerals-security,0001104659-26-093011,0001712189,Target Hospitality Corp.,TH,false,,8-K,2026-08-10,critical minerals,https://www.sec.gov/cgi-bin/browse-edgar?action=getcompany&CIK=0001712189&type=8-K
2026-W33,2026-08-15,critical-minerals-security,0001970622-26-000056,0001970622,"USA Rare Earth, Inc.",USAR,true,usar,8-K,2026-08-10,rare earth magnets; permanent magnet; neodymium; critical minerals; magnet production,https://www.sec.gov/cgi-bin/browse-edgar?action=getcompany&CIK=0001970622&type=8-K
2026-W33,2026-08-15,critical-minerals-security,0001213900-26-087062,0001866226,Evolution Metals & Technologies Corp.,EMAT,false,,8-K,2026-08-10,rare earth magnets; permanent magnet; critical minerals; magnet production,https://www.sec.gov/cgi-bin/browse-edgar?action=getcompany&CIK=0001866226&type=8-K
